{
 "song": {
  "songName": "girl-next-door",
  "songId": "girl-next-door",
  "player1": "bf",
  "gfVersion": "gf",
  "notes": [
   {
    "endTime": 2181.81818181818,
    "sectionNotes": [
     [
      0,
      0,
      0,
      false,
      0
     ],
     [
      272.727272727273,
      1,
      0,
      false,
      0.5
     ],
     [
      409.090909090909,
      2,
      0,
      false,
      0.75
     ],
     [
      409.090909090909,
      3,
      0,
      false,
      0.75
     ],
     [
      818.181818181818,
      1,
      0,
      false,
      1.5
     ],
     [
      818.181818181818,
      0,
      0,
      false,
      1.5
     ]
    ],
    "lengthInSteps": 16,
    "mustHitSection": false,
    "startTime": 0
   },
   {
    "endTime": 4363.63636363636,
    "sectionNotes": [
     [
      2181.81818181818,
      0,
      0,
      false,
      4
     ],
     [
      2454.54545454545,
      1,
      0,
      false,
      4.5
     ],
     [
      2590.90909090909,
      2,
      0,
      false,
      4.75
     ],
     [
      3000,
      2,
      0,
      false,
      5.5
     ],
     [
      3000,
      3,
      0,
      false,
      5.5
     ],
     [
      3545.45454545455,
      3,
      0,
      false,
      6.5
     ],
     [
      3818.18181818182,
      3,
      0,
      false,
      7
     ],
     [
      3818.18181818182,
      0,
      0,
      false,
      7
     ],
     [
      4090.90909090909,
      1,
      0,
      false,
      7.5
     ],
     [
      4090.90909090909,
      2,
      0,
      false,
      7.5
     ],
     [
      3545.45454545455,
      1,
      0,
      false,
      6.5
     ]
    ],
    "lengthInSteps": 16,
    "mustHitSection": false,
    "startTime": 2181.81818181818
   },
   {
    "endTime": 6545.45454545455,
    "sectionNotes": [
     [
      4363.63636363636,
      0,
      0,
      false,
      8
     ],
     [
      4636.36363636364,
      1,
      0,
      false,
      8.5
     ],
     [
      4772.72727272727,
      2,
      0,
      false,
      8.75
     ],
     [
      5181.81818181818,
      2,
      0,
      false,
      9.5
     ],
     [
      5181.81818181818,
      3,
      0,
      false,
      9.5
     ]
    ],
    "lengthInSteps": 16,
    "mustHitSection": true,
    "startTime": 4363.63636363636
   },
   {
    "endTime": 8727.27272727273,
    "sectionNotes": [
     [
      6545.45454545455,
      0,
      0,
      false,
      12
     ],
     [
      6818.18181818182,
      1,
      0,
      false,
      12.5
     ],
     [
      6954.54545454545,
      2,
      0,
      false,
      12.75
     ],
     [
      7363.63636363636,
      2,
      0,
      false,
      13.5
     ],
     [
      7363.63636363636,
      3,
      0,
      false,
      13.5
     ],
     [
      7909.09090909091,
      1,
      0,
      false,
      14.5
     ],
     [
      7909.09090909091,
      3,
      0,
      false,
      14.5
     ],
     [
      8181.81818181818,
      3,
      0,
      false,
      15
     ],
     [
      8181.81818181818,
      0,
      0,
      false,
      15
     ],
     [
      8454.54545454546,
      1,
      0,
      false,
      15.5
     ],
     [
      8454.54545454546,
      2,
      0,
      false,
      15.5
     ]
    ],
    "lengthInSteps": 16,
    "mustHitSection": true,
    "startTime": 6545.45454545455
   },
   {
    "endTime": 10909.0909090909,
    "sectionNotes": [
     [
      8727.27272727273,
      0,
      0,
      false,
      16
     ],
     [
      9000,
      1,
      0,
      false,
      16.5
     ],
     [
      9136.36363636364,
      2,
      0,
      false,
      16.75
     ],
     [
      9545.45454545454,
      3,
      0,
      false,
      17.5
     ],
     [
      9545.45454545454,
      2,
      0,
      false,
      17.5
     ]
    ],
    "lengthInSteps": 16,
    "mustHitSection": false,
    "startTime": 8727.27272727273
   },
   {
    "endTime": 13090.9090909091,
    "sectionNotes": [
     [
      10909.0909090909,
      0,
      0,
      false,
      20
     ],
     [
      11181.8181818182,
      1,
      0,
      false,
      20.5
     ],
     [
      11318.1818181818,
      2,
      0,
      false,
      20.75
     ],
     [
      11727.2727272727,
      2,
      0,
      false,
      21.5
     ],
     [
      11727.2727272727,
      3,
      0,
      false,
      21.5
     ],
     [
      12272.7272727273,
      3,
      0,
      false,
      22.5
     ],
     [
      12272.7272727273,
      1,
      0,
      false,
      22.5
     ],
     [
      12545.4545454545,
      2,
      0,
      false,
      23
     ],
     [
      12545.4545454545,
      0,
      0,
      false,
      23
     ],
     [
      12818.1818181818,
      1,
      0,
      false,
      23.5
     ],
     [
      12818.1818181818,
      0,
      0,
      false,
      23.5
     ]
    ],
    "lengthInSteps": 16,
    "mustHitSection": false,
    "startTime": 10909.0909090909
   },
   {
    "endTime": 15272.7272727273,
    "sectionNotes": [
     [
      13090.9090909091,
      0,
      0,
      false,
      24
     ],
     [
      13363.6363636364,
      1,
      0,
      false,
      24.5
     ],
     [
      13500,
      2,
      0,
      false,
      24.75
     ],
     [
      13909.0909090909,
      2,
      0,
      false,
      25.5
     ],
     [
      13909.0909090909,
      3,
      0,
      false,
      25.5
     ]
    ],
    "lengthInSteps": 16,
    "mustHitSection": true,
    "startTime": 13090.9090909091
   },
   {
    "endTime": 17454.5454545455,
    "sectionNotes": [
     [
      15272.7272727273,
      0,
      0,
      false,
      28
     ],
     [
      15545.4545454545,
      1,
      0,
      false,
      28.5
     ],
     [
      15681.8181818182,
      2,
      0,
      false,
      28.75
     ],
     [
      16090.9090909091,
      2,
      0,
      false,
      29.5
     ],
     [
      16090.9090909091,
      3,
      0,
      false,
      29.5
     ],
     [
      16636.3636363636,
      0,
      0,
      false,
      30.5
     ],
     [
      16636.3636363636,
      3,
      0,
      false,
      30.5
     ],
     [
      16909.0909090909,
      1,
      0,
      false,
      31
     ],
     [
      16909.0909090909,
      0,
      0,
      false,
      31
     ],
     [
      17181.8181818182,
      1,
      0,
      false,
      31.5
     ],
     [
      17181.8181818182,
      2,
      0,
      false,
      31.5
     ]
    ],
    "lengthInSteps": 16,
    "mustHitSection": true,
    "startTime": 15272.7272727273
   },
   {
    "endTime": 19636.3636363636,
    "sectionNotes": [
     [
      17454.5454545455,
      0,
      0,
      false,
      32
     ],
     [
      17727.2727272727,
      1,
      0,
      false,
      32.5
     ],
     [
      17863.6363636364,
      2,
      0,
      false,
      32.75
     ],
     [
      18272.7272727273,
      2,
      0,
      false,
      33.5
     ],
     [
      18272.7272727273,
      3,
      0,
      false,
      33.5
     ]
    ],
    "lengthInSteps": 16,
    "mustHitSection": false,
    "startTime": 17454.5454545455
   },
   {
    "endTime": 21818.1818181818,